drug_a,drug_b,total_pair_reports,serious_pair_reports,non_serious_pair_reports,serious_rate,lift_vs_report_baseline,a,b,c,d,odds_ratio,risk_score
ESOMEPRAZOLE,OMEPRAZOLE,926,926,0,1.0,1.2891613924050633,926,0,9186,2924,589.8980569313667,704198.7392173315
ESOMEPRAZOLE,LANSOPRAZOLE,706,706,0,1.0,1.2891613924050633,706,0,9406,2924,439.3045766225482,399832.15678018064
LANSOPRAZOLE,OMEPRAZOLE,694,694,0,1.0,1.2891613924050633,694,0,9418,2924,431.29272177098267,385868.11245832
ESOMEPRAZOLE,PANTOPRAZOLE,675,675,0,1.0,1.2891613924050633,675,0,9437,2924,418.64895364238413,364301.59590441367
OMEPRAZOLE,PANTOPRAZOLE,632,632,0,1.0,1.2891613924050633,632,0,9480,2924,390.22124360529506,317932.75822741416
LANSOPRAZOLE,PANTOPRAZOLE,490,490,0,1.0,1.2891613924050633,490,0,9622,2924,298.1485580670304,188337.18902801487
DEXILANT,ESOMEPRAZOLE,252,252,0,1.0,1.2891613924050633,252,0,9860,2924,149.77663404492674,48657.73603196554
DEXILANT,OMEPRAZOLE,229,229,0,1.0,1.2891613924050633,229,0,9883,2924,135.8168159052967,40095.563170529225
DEXILANT,PANTOPRAZOLE,202,202,0,1.0,1.2891613924050633,202,0,9910,2924,119.51188133797487,31122.160877631704
DEXILANT,LANSOPRAZOLE,195,195,0,1.0,1.2891613924050633,195,0,9917,2924,115.29916813713133,28984.6510470679
METHOTREXATE,ORENCIA,77,77,0,1.0,1.2891613924050633,77,0,10035,2924,45.169398634846296,4483.759652541232
ACTEMRA,ENBREL,75,75,0,1.0,1.2891613924050633,75,0,10037,2924,43.99496886674969,4253.746149230733
ACTEMRA,ORENCIA,69,69,0,1.0,1.2891613924050633,69,0,10043,2924,40.47448598596107,3600.2919850273147
ACIPHEX,OMEPRAZOLE,68,68,0,1.0,1.2891613924050633,68,0,10044,2924,39.88814774254567,3496.7136857282558
ACIPHEX,PANTOPRAZOLE,65,65,0,1.0,1.2891613924050633,65,0,10047,2924,38.12983329186365,3195.1080836162723
ACTEMRA,METHOTREXATE,65,65,0,1.0,1.2891613924050633,65,0,10047,2924,38.12983329186365,3195.1080836162723
ACIPHEX,ESOMEPRAZOLE,64,64,0,1.0,1.2891613924050633,64,0,10048,2924,37.5439617853411,3097.6144673019403
METHOTREXATE,REMICADE,62,62,0,1.0,1.2891613924050633,62,0,10050,2924,36.37256852892891,2907.1868875863597
ENBREL,HYDROXYCHLOROQUINE SULFATE,61,61,0,1.0,1.2891613924050633,61,0,10051,2924,35.78704670944635,2814.2520169269087
METFORMIN,SITAGLIPTIN,59,59,0,1.0,1.2891613924050633,59,0,10053,2924,34.61635251404984,2632.9378472128233
ENBREL,HYDROXYCHLOROQUINE,57,57,0,1.0,1.2891613924050633,57,0,10055,2924,33.446124011734874,2457.6947526866716
ENBREL,RITUXAN,57,57,0,1.0,1.2891613924050633,57,0,10055,2924,33.446124011734874,2457.6947526866716
HUMIRA,HYDROXYCHLOROQUINE SULFATE,57,57,0,1.0,1.2891613924050633,57,0,10055,2924,33.446124011734874,2457.6947526866716
HUMIRA,PLAQUENIL,57,57,0,1.0,1.2891613924050633,57,0,10055,2924,33.446124011734874,2457.6947526866716
ORENCIA,SULFASALAZINE,57,57,0,1.0,1.2891613924050633,57,0,10055,2924,33.446124011734874,2457.6947526866716
METHOTREXATE,RITUXAN,56,56,0,1.0,1.2891613924050633,56,0,10056,2924,32.86118430865609,2372.348726687884
ORENCIA,REMICADE,56,56,0,1.0,1.2891613924050633,56,0,10056,2924,32.86118430865609,2372.348726687884
REMICADE,SULFASALAZINE,55,55,0,1.0,1.2891613924050633,55,0,10057,2924,32.276360924683075,2288.5191115288044
ACIPHEX,LANSOPRAZOLE,54,54,0,1.0,1.2891613924050633,54,0,10058,2924,31.69165382512303,2206.2054549320023
HYDROXYCHLOROQUINE SULFATE,ORENCIA,54,54,0,1.0,1.2891613924050633,54,0,10058,2924,31.69165382512303,2206.2054549320023
EMPAGLIFLOZIN,METFORMIN,94,93,1,0.9893617021276596,1.2754469095071372,93,1,10019,2923,18.187684016168472,2180.557984734357
ARAVA,ORENCIA,53,53,0,1.0,1.2891613924050633,53,0,10059,2924,31.107062975296984,2125.4073047998904
ENBREL,ORENCIA,92,91,1,0.9891304347826086,1.2751487685745735,91,1,10021,2923,17.795090555306093,2087.607678360986
HYDROXYCHLOROQUINE,ORENCIA,48,48,0,1.0,1.2891613924050633,48,0,10064,2924,28.185851259377017,1744.1333402717032
ENBREL,SULFASALAZINE,83,82,1,0.9879518072289156,1.2736293274363275,82,1,10030,2923,16.030357409899807,1694.588866102375
LEFLUNOMIDE,ORENCIA,47,47,0,1.0,1.2891613924050633,47,0,10065,2924,27.601957180467934,1672.418744938218
HYDROXYCHLOROQUINE SULFATE,METHOTREXATE,45,45,0,1.0,1.2891613924050633,45,0,10067,2924,26.434517010181278,1533.5261440380282
ACTEMRA,REMICADE,44,44,0,1.0,1.2891613924050633,44,0,10068,2924,25.850970849679694,1466.3472373262143
ACTEMRA,SULFASALAZINE,44,44,0,1.0,1.2891613924050633,44,0,10068,2924,25.850970849679694,1466.3472373262143
ARAVA,REMICADE,44,44,0,1.0,1.2891613924050633,44,0,10068,2924,25.850970849679694,1466.3472373262143
METFORMIN,RAMIPRIL,44,44,0,1.0,1.2891613924050633,44,0,10068,2924,25.850970849679694,1466.3472373262143
REMICADE,RITUXAN,44,44,0,1.0,1.2891613924050633,44,0,10068,2924,25.850970849679694,1466.3472373262143
ENBREL,SIMPONI,42,42,0,1.0,1.2891613924050633,42,0,10070,2924,24.684226205252966,1336.5219598586295
ORENCIA,PLAQUENIL,42,42,0,1.0,1.2891613924050633,42,0,10070,2924,24.684226205252966,1336.5219598586295
ACTEMRA,HYDROXYCHLOROQUINE SULFATE,41,41,0,1.0,1.2891613924050633,41,0,10071,2924,24.101027652286152,1273.8746890311802
ARAVA,CIMZIA,41,41,0,1.0,1.2891613924050633,41,0,10071,2924,24.101027652286152,1273.8746890311802
ARAVA,SULFASALAZINE,41,41,0,1.0,1.2891613924050633,41,0,10071,2924,24.101027652286152,1273.8746890311802
GLICLAZIDE,METFORMIN,41,41,0,1.0,1.2891613924050633,41,0,10071,2924,24.101027652286152,1273.8746890311802
GLIMEPIRIDE,METFORMIN,41,41,0,1.0,1.2891613924050633,41,0,10071,2924,24.101027652286152,1273.8746890311802
ACTEMRA,HUMIRA,72,71,1,0.9861111111111112,1.2712563730661042,71,1,10041,2923,13.877757307175223,1270.2374942840063
ENBREL,REMICADE,72,71,1,0.9861111111111112,1.2712563730661042,71,1,10041,2923,13.877757307175223,1270.2374942840063
HUMIRA,SIMPONI,40,40,0,1.0,1.2891613924050633,40,0,10072,2924,23.517944899478778,1212.7370637247047
LEFLUNOMIDE,SULFASALAZINE,40,40,0,1.0,1.2891613924050633,40,0,10072,2924,23.517944899478778,1212.7370637247047
HUMIRA,REMICADE,70,69,1,0.9857142857142858,1.270744801084991,69,1,10043,2923,13.486882063025838,1199.6869685105553
CIMZIA,ORENCIA,39,39,0,1.0,1.2891613924050633,39,0,10073,2924,22.93497791234427,1153.1086343500274
ENBREL,XELJANZ,39,39,0,1.0,1.2891613924050633,39,0,10073,2924,22.93497791234427,1153.1086343500274
HYDROXYCHLOROQUINE,LEFLUNOMIDE,39,39,0,1.0,1.2891613924050633,39,0,10073,2924,22.93497791234427,1153.1086343500274
HYDROXYCHLOROQUINE,SULFASALAZINE,39,39,0,1.0,1.2891613924050633,39,0,10073,2924,22.93497791234427,1153.1086343500274
HYDROXYCHLOROQUINE SULFATE,REMICADE,39,39,0,1.0,1.2891613924050633,39,0,10073,2924,22.93497791234427,1153.1086343500274
LEFLUNOMIDE,METHOTREXATE,67,66,1,0.9850746268656716,1.2699201775930475,66,1,10046,2923,12.900860996366895,1097.6652670698343
ACETAMINOPHEN,ALCOHOL,38,38,0,1.0,1.2891613924050633,38,0,10074,2924,22.352126656409748,1094.988951496478
ACTEMRA,CIMZIA,38,38,0,1.0,1.2891613924050633,38,0,10074,2924,22.352126656409748,1094.988951496478
ACTEMRA,LEFLUNOMIDE,38,38,0,1.0,1.2891613924050633,38,0,10074,2924,22.352126656409748,1094.988951496478
ACTEMRA,PLAQUENIL,38,38,0,1.0,1.2891613924050633,38,0,10074,2924,22.352126656409748,1094.988951496478
ORENCIA,PREDNISONE,38,38,0,1.0,1.2891613924050633,38,0,10074,2924,22.352126656409748,1094.988951496478
RITUXAN,SULFASALAZINE,38,38,0,1.0,1.2891613924050633,38,0,10074,2924,22.352126656409748,1094.988951496478
ENBREL,LEFLUNOMIDE,66,65,1,0.9848484848484849,1.2696286440352897,65,1,10047,2923,12.705598407564072,1064.6718507382657
CIMZIA,REMICADE,37,37,0,1.0,1.2891613924050633,37,0,10075,2924,21.76939109721602,1038.3775659318035
METHOTREXATE,SIMPONI,37,37,0,1.0,1.2891613924050633,37,0,10075,2924,21.76939109721602,1038.3775659318035
ENBREL,PLAQUENIL,64,63,1,0.984375,1.2690182456487342,63,1,10049,2923,12.31518981043833,1000.2048363567116
ACTEMRA,HYDROXYCHLOROQUINE,36,36,0,1.0,1.2891613924050633,36,0,10076,2924,21.18677120031757,983.2740286020801
ARAVA,HYDROXYCHLOROQUINE SULFATE,36,36,0,1.0,1.2891613924050633,36,0,10076,2924,21.18677120031757,983.2740286020801
HYDROXYCHLOROQUINE SULFATE,SULFASALAZINE,36,36,0,1.0,1.2891613924050633,36,0,10076,2924,21.18677120031757,983.2740286020801
HUMIRA,LEFLUNOMIDE,63,62,1,0.9841269841269841,1.2686985131605384,62,1,10050,2923,12.120043778916472,968.7309358703735
ARAVA,HYDROXYCHLOROQUINE,35,35,0,1.0,1.2891613924050633,35,0,10077,2924,20.60426693128256,929.677890631624
ARAVA,RITUXAN,35,35,0,1.0,1.2891613924050633,35,0,10077,2924,20.60426693128256,929.677890631624
HYDROXYCHLOROQUINE SULFATE,LEFLUNOMIDE,35,35,0,1.0,1.2891613924050633,35,0,10077,2924,20.60426693128256,929.677890631624
LEFLUNOMIDE,PLAQUENIL,35,35,0,1.0,1.2891613924050633,35,0,10077,2924,20.60426693128256,929.677890631624
PLAQUENIL,REMICADE,35,35,0,1.0,1.2891613924050633,35,0,10077,2924,20.60426693128256,929.677890631624
ENBREL,METHOTREXATE,131,125,6,0.9541984732824428,1.2301158324475796,125,6,9987,2918,5.642002503128911,909.181475360815
HUMIRA,SULFASALAZINE,79,77,2,0.9746835443037974,1.2565243951289857,77,2,10035,2922,9.027701659110159,896.1386619628483
ENBREL,METHOTREXATE SODIUM,34,34,0,1.0,1.2891613924050633,34,0,10078,2924,20.021878255692812,877.5887033229026
HUMIRA,XELJANZ,34,34,0,1.0,1.2891613924050633,34,0,10078,2924,20.021878255692812,877.5887033229026
HYDROXYCHLOROQUINE,PLAQUENIL,34,34,0,1.0,1.2891613924050633,34,0,10078,2924,20.021878255692812,877.5887033229026
PLAQUENIL,SULFASALAZINE,34,34,0,1.0,1.2891613924050633,34,0,10078,2924,20.021878255692812,877.5887033229026
ARAVA,HUMIRA,59,58,1,0.9830508474576272,1.2673111993134523,58,1,10054,2923,11.33984782933015,847.895853004606
HUMIRA,HYDROXYCHLOROQUINE,59,58,1,0.9830508474576272,1.2673111993134523,58,1,10054,2923,11.33984782933015,847.895853004606
ACTEMRA,SIMPONI,33,33,0,1.0,1.2891613924050633,33,0,10079,2924,19.439605139143808,827.0060181564475
ARAVA,LEFLUNOMIDE,33,33,0,1.0,1.2891613924050633,33,0,10079,2924,19.439605139143808,827.0060181564475
CELEBREX,ENBREL,33,33,0,1.0,1.2891613924050633,33,0,10079,2924,19.439605139143808,827.0060181564475
CIMZIA,PLAQUENIL,33,33,0,1.0,1.2891613924050633,33,0,10079,2924,19.439605139143808,827.0060181564475
CIMZIA,SIMPONI,33,33,0,1.0,1.2891613924050633,33,0,10079,2924,19.439605139143808,827.0060181564475
ENBREL,RITUXIMAB,33,33,0,1.0,1.2891613924050633,33,0,10079,2924,19.439605139143808,827.0060181564475
ESOMEPRAZOLE,ZEGERID,33,33,0,1.0,1.2891613924050633,33,0,10079,2924,19.439605139143808,827.0060181564475
HYDROXYCHLOROQUINE,HYDROXYCHLOROQUINE SULFATE,33,33,0,1.0,1.2891613924050633,33,0,10079,2924,19.439605139143808,827.0060181564475
HYDROXYCHLOROQUINE,PREDNISONE,33,33,0,1.0,1.2891613924050633,33,0,10079,2924,19.439605139143808,827.0060181564475
HYDROXYCHLOROQUINE SULFATE,PLAQUENIL,33,33,0,1.0,1.2891613924050633,33,0,10079,2924,19.439605139143808,827.0060181564475
HYDROXYCHLOROQUINE SULFATE,RITUXAN,33,33,0,1.0,1.2891613924050633,33,0,10079,2924,19.439605139143808,827.0060181564475
ORENCIA,RITUXIMAB,33,33,0,1.0,1.2891613924050633,33,0,10079,2924,19.439605139143808,827.0060181564475
ORENCIA,RITUXAN,58,57,1,0.9827586206896551,1.2669344718463553,57,1,10055,2923,11.144895828153746,818.9514571698277
HUMIRA,ORENCIA,88,85,3,0.9659090909090909,1.2452127085730726,85,3,10027,2921,7.117234747302062,779.8974618369782
ACTEMRA,PREDNISONE,32,32,0,1.0,1.2891613924050633,32,0,10080,2924,18.857447547244682,777.9293867907649
ARAVA,SIMPONI,32,32,0,1.0,1.2891613924050633,32,0,10080,2924,18.857447547244682,777.9293867907649
RITUXAN,RITUXIMAB,32,32,0,1.0,1.2891613924050633,32,0,10080,2924,18.857447547244682,777.9293867907649
HUMIRA,RITUXAN,56,55,1,0.9821428571428571,1.2661406532549728,55,1,10057,2923,10.75510812826249,762.5788593553837
CIMZIA,HYDROXYCHLOROQUINE SULFATE,31,31,0,1.0,1.2891613924050633,31,0,10081,2924,18.275405445618212,730.3583610622477
HUMIRA,INFLIXIMAB,31,31,0,1.0,1.2891613924050633,31,0,10081,2924,18.275405445618212,730.3583610622477
OMEPRAZOLE,ZEGERID,31,31,0,1.0,1.2891613924050633,31,0,10081,2924,18.275405445618212,730.3583610622477
ORENCIA,SIMPONI,31,31,0,1.0,1.2891613924050633,31,0,10081,2924,18.275405445618212,730.3583610622477
PLAQUENIL,RITUXAN,31,31,0,1.0,1.2891613924050633,31,0,10081,2924,18.275405445618212,730.3583610622477
PREDNISONE,RITUXAN,31,31,0,1.0,1.2891613924050633,31,0,10081,2924,18.275405445618212,730.3583610622477
BUPROPION,CYCLOBENZAPRINE,30,30,0,1.0,1.2891613924050633,30,0,10082,2924,17.693478799900817,684.2924929850882
INFLIXIMAB,SULFASALAZINE,30,30,0,1.0,1.2891613924050633,30,0,10082,2924,17.693478799900817,684.2924929850882
LEFLUNOMIDE,REMICADE,30,30,0,1.0,1.2891613924050633,30,0,10082,2924,17.693478799900817,684.2924929850882
METHOTREXATE,XELJANZ,30,30,0,1.0,1.2891613924050633,30,0,10082,2924,17.693478799900817,684.2924929850882
REMICADE,SIMPONI,30,30,0,1.0,1.2891613924050633,30,0,10082,2924,17.693478799900817,684.2924929850882
HUMIRA,METHOTREXATE,113,107,6,0.9469026548672567,1.2207103450207237,107,6,10005,2918,4.824096746789266,665.4372028730718
ACTEMRA,RITUXAN,52,51,1,0.9807692307692307,1.2643698271665045,51,1,10061,2923,9.975997614669781,655.8942197534217
METHOTREXATE,PLAQUENIL,52,51,1,0.9807692307692307,1.2643698271665045,51,1,10061,2923,9.975997614669781,655.8942197534217
CIMZIA,RITUXAN,29,29,0,1.0,1.2891613924050633,29,0,10083,2924,17.11166757574255,639.7313347511883
CYCLOBENZAPRINE,GABAPENTIN,29,29,0,1.0,1.2891613924050633,29,0,10083,2924,17.11166757574255,639.7313347511883
ENBREL,INFLIXIMAB,29,29,0,1.0,1.2891613924050633,29,0,10083,2924,17.11166757574255,639.7313347511883
METHOTREXATE,RITUXIMAB,29,29,0,1.0,1.2891613924050633,29,0,10083,2924,17.11166757574255,639.7313347511883
ARAVA,ENBREL,67,65,2,0.9701492537313433,1.2506789627810317,65,2,10047,2922,7.620751430704155,638.5846041626642
METHOTREXATE,SULFASALAZINE,66,64,2,0.9696969696969697,1.250095895665516,64,2,10048,2922,7.503657262277952,619.099215639591
HUMIRA,PREDNISONE,50,49,1,0.98,1.2633781645569622,49,1,10063,2923,9.586674616187212,605.579769040171
ACETAMINOPHEN,ALPRAZOLAM,28,28,0,1.0,1.2891613924050633,28,0,10084,2924,16.52997173880708,596.6744387300727
CELEBREX,METHOTREXATE,28,28,0,1.0,1.2891613924050633,28,0,10084,2924,16.52997173880708,596.6744387300727
COSENTYX,DICLOFENAC,28,28,0,1.0,1.2891613924050633,28,0,10084,2924,16.52997173880708,596.6744387300727
HUMIRA,RITUXIMAB,28,28,0,1.0,1.2891613924050633,28,0,10084,2924,16.52997173880708,596.6744387300727
LANSOPRAZOLE,ZEGERID,28,28,0,1.0,1.2891613924050633,28,0,10084,2924,16.52997173880708,596.6744387300727
RITUXAN,SIMPONI,28,28,0,1.0,1.2891613924050633,28,0,10084,2924,16.52997173880708,596.6744387300727
HYDROXYCHLOROQUINE,METHOTREXATE,49,48,1,0.9795918367346939,1.2628519762335315,48,1,10064,2923,9.392071141139649,581.1789844741921
DICLOFENAC,METHOTREXATE,27,27,0,1.0,1.2891613924050633,27,0,10085,2924,15.948391254771701,555.1213574687999
HUMIRA,METHOTREXATE SODIUM,27,27,0,1.0,1.2891613924050633,27,0,10085,2924,15.948391254771701,555.1213574687999
HYDROCHLOROTHIAZIDE,METFORMIN,27,27,0,1.0,1.2891613924050633,27,0,10085,2924,15.948391254771701,555.1213574687999
HYDROXYCHLOROQUINE,REMICADE,27,27,0,1.0,1.2891613924050633,27,0,10085,2924,15.948391254771701,555.1213574687999
INFLIXIMAB,REMICADE,27,27,0,1.0,1.2891613924050633,27,0,10085,2924,15.948391254771701,555.1213574687999
INSULIN GLARGINE,METFORMIN,27,27,0,1.0,1.2891613924050633,27,0,10085,2924,15.948391254771701,555.1213574687999
IPILIMUMAB,NIVOLUMAB,27,27,0,1.0,1.2891613924050633,27,0,10085,2924,15.948391254771701,555.1213574687999
LEFLUNOMIDE,RITUXAN,27,27,0,1.0,1.2891613924050633,27,0,10085,2924,15.948391254771701,555.1213574687999
PREDNISONE,REMICADE,27,27,0,1.0,1.2891613924050633,27,0,10085,2924,15.948391254771701,555.1213574687999
CIMZIA,ENBREL,47,46,1,0.9787234042553191,1.261732426609211,46,1,10066,2923,9.00298018179109,533.8895454798376
ENBREL,HUMIRA,138,127,11,0.9202898550724637,1.1864021509814713,127,11,9985,2913,3.2348753518689057,529.6251044347615
INFLIXIMAB,METHOTREXATE,26,26,0,1.0,1.2891613924050633,26,0,10086,2924,15.366926089327318,515.0716436918754
METHOTREXATE SODIUM,SULFASALAZINE,26,26,0,1.0,1.2891613924050633,26,0,10086,2924,15.366926089327318,515.0716436918754
PREDNISONE,RITUXIMAB,26,26,0,1.0,1.2891613924050633,26,0,10086,2924,15.366926089327318,515.0716436918754
REMICADE,RITUXIMAB,26,26,0,1.0,1.2891613924050633,26,0,10086,2924,15.366926089327318,515.0716436918754
SIMPONI,SULFASALAZINE,26,26,0,1.0,1.2891613924050633,26,0,10086,2924,15.366926089327318,515.0716436918754
ARAVA,METHOTREXATE,59,57,2,0.9661016949152542,1.2454610062218407,57,2,10055,2922,6.684650191437521,491.2027980664589
ACTEMRA,RITUXIMAB,25,25,0,1.0,1.2891613924050633,25,0,10087,2924,14.785576208178439,476.5248503011623
ARAVA,XELJANZ,25,25,0,1.0,1.2891613924050633,25,0,10087,2924,14.785576208178439,476.5248503011623
DICLOFENAC,HUMIRA,25,25,0,1.0,1.2891613924050633,25,0,10087,2924,14.785576208178439,476.5248503011623
HYDROXYCHLOROQUINE,RITUXAN,25,25,0,1.0,1.2891613924050633,25,0,10087,2924,14.785576208178439,476.5248503011623
ACTEMRA,ARAVA,43,42,1,0.9767441860465116,1.2591808949072711,42,1,10070,2923,8.225261903579762,445.35498371763873
ARAVA,RITUXIMAB,24,24,0,1.0,1.2891613924050633,24,0,10088,2924,14.204341577043168,439.4805303757945
CIMZIA,HYDROXYCHLOROQUINE,24,24,0,1.0,1.2891613924050633,24,0,10088,2924,14.204341577043168,439.4805303757945
CIMZIA,LEFLUNOMIDE,24,24,0,1.0,1.2891613924050633,24,0,10088,2924,14.204341577043168,439.4805303757945
FOLIC ACID,SULFASALAZINE,24,24,0,1.0,1.2891613924050633,24,0,10088,2924,14.204341577043168,439.4805303757945
HYDROXYCHLOROQUINE SULFATE,PREDNISONE,24,24,0,1.0,1.2891613924050633,24,0,10088,2924,14.204341577043168,439.4805303757945
HYDROXYCHLOROQUINE SULFATE,SIMPONI,24,24,0,1.0,1.2891613924050633,24,0,10088,2924,14.204341577043168,439.4805303757945
HYDROXYCHLOROQUINE SULFATE,XELJANZ,24,24,0,1.0,1.2891613924050633,24,0,10088,2924,14.204341577043168,439.4805303757945
LEFLUNOMIDE,SIMPONI,24,24,0,1.0,1.2891613924050633,24,0,10088,2924,14.204341577043168,439.4805303757945
PLAQUENIL,XELJANZ,24,24,0,1.0,1.2891613924050633,24,0,10088,2924,14.204341577043168,439.4805303757945
COSENTYX,METHOTREXATE,41,40,1,0.975609756097561,1.2577184316146959,40,1,10072,2923,7.836634400595681,404.10746062565386
PREDNISONE,SULFASALAZINE,41,40,1,0.975609756097561,1.2577184316146959,40,1,10072,2923,7.836634400595681,404.10746062565386
ENBREL,FOLIC ACID,23,23,0,1.0,1.2891613924050633,23,0,10089,2924,13.623222161653203,403.9382371720883
FOLIC ACID,PREDNISONE,23,23,0,1.0,1.2891613924050633,23,0,10089,2924,13.623222161653203,403.9382371720883
HYDROXYCHLOROQUINE,XELJANZ,23,23,0,1.0,1.2891613924050633,23,0,10089,2924,13.623222161653203,403.9382371720883
LANSOPRAZOLE,OMEPRAZOLE MAGNESIUM,23,23,0,1.0,1.2891613924050633,23,0,10089,2924,13.623222161653203,403.9382371720883
LEVOTHYROXINE,METFORMIN,23,23,0,1.0,1.2891613924050633,23,0,10089,2924,13.623222161653203,403.9382371720883
METFORMIN,PANTOPRAZOLE,23,23,0,1.0,1.2891613924050633,23,0,10089,2924,13.623222161653203,403.9382371720883
METFORMIN HYDROCHLORIDE,RAMIPRIL,23,23,0,1.0,1.2891613924050633,23,0,10089,2924,13.623222161653203,403.9382371720883
OMEPRAZOLE,OMEPRAZOLE MAGNESIUM,23,23,0,1.0,1.2891613924050633,23,0,10089,2924,13.623222161653203,403.9382371720883
OMEPRAZOLE MAGNESIUM,PANTOPRAZOLE,23,23,0,1.0,1.2891613924050633,23,0,10089,2924,13.623222161653203,403.9382371720883
PERTUZUMAB,TRASTUZUMAB,23,23,0,1.0,1.2891613924050633,23,0,10089,2924,13.623222161653203,403.9382371720883
ADALIMUMAB,SULFASALAZINE,22,22,0,1.0,1.2891613924050633,22,0,10090,2924,13.042217927753828,369.89752412345496
AMLODIPINE,METFORMIN,22,22,0,1.0,1.2891613924050633,22,0,10090,2924,13.042217927753828,369.89752412345496
ARAVA,FOLIC ACID,22,22,0,1.0,1.2891613924050633,22,0,10090,2924,13.042217927753828,369.89752412345496
ASPIRIN,HUMIRA,22,22,0,1.0,1.2891613924050633,22,0,10090,2924,13.042217927753828,369.89752412345496
CYCLOBENZAPRINE,NAPROXEN,22,22,0,1.0,1.2891613924050633,22,0,10090,2924,13.042217927753828,369.89752412345496
DICLOFENAC,ENBREL,22,22,0,1.0,1.2891613924050633,22,0,10090,2924,13.042217927753828,369.89752412345496
ENBREL,NAPROXEN SODIUM,22,22,0,1.0,1.2891613924050633,22,0,10090,2924,13.042217927753828,369.89752412345496
ESOMEPRAZOLE,OMEPRAZOLE MAGNESIUM,22,22,0,1.0,1.2891613924050633,22,0,10090,2924,13.042217927753828,369.89752412345496
FOLIC ACID,METHOTREXATE,22,22,0,1.0,1.2891613924050633,22,0,10090,2924,13.042217927753828,369.89752412345496
LEFLUNOMIDE,XELJANZ,22,22,0,1.0,1.2891613924050633,22,0,10090,2924,13.042217927753828,369.89752412345496
LORAZEPAM,METFORMIN,22,22,0,1.0,1.2891613924050633,22,0,10090,2924,13.042217927753828,369.89752412345496
LORAZEPAM,OLANZAPINE,22,22,0,1.0,1.2891613924050633,22,0,10090,2924,13.042217927753828,369.89752412345496
METHOTREXATE SODIUM,ORENCIA,22,22,0,1.0,1.2891613924050633,22,0,10090,2924,13.042217927753828,369.89752412345496
MYCOPHENOLATE MOFETIL,PREDNISONE,22,22,0,1.0,1.2891613924050633,22,0,10090,2924,13.042217927753828,369.89752412345496
SULFASALAZINE,XELJANZ,22,22,0,1.0,1.2891613924050633,22,0,10090,2924,13.042217927753828,369.89752412345496
ACETAMINOPHEN,DIPHENHYDRAMINE,21,21,0,1.0,1.2891613924050633,21,0,10091,2924,12.4613288411039,337.35794484031237
ACTEMRA,DICLOFENAC SODIUM,21,21,0,1.0,1.2891613924050633,21,0,10091,2924,12.4613288411039,337.35794484031237
ARAVA,FOSAMAX,21,21,0,1.0,1.2891613924050633,21,0,10091,2924,12.4613288411039,337.35794484031237
ATORVASTATIN,CYCLOBENZAPRINE,21,21,0,1.0,1.2891613924050633,21,0,10091,2924,12.4613288411039,337.35794484031237
ATORVASTATIN,METFORMIN,21,21,0,1.0,1.2891613924050633,21,0,10091,2924,12.4613288411039,337.35794484031237
CEFTRIAXONE,CIPROFLOXACIN,21,21,0,1.0,1.2891613924050633,21,0,10091,2924,12.4613288411039,337.35794484031237
DESOXIMETASONE,PREDNISONE,21,21,0,1.0,1.2891613924050633,21,0,10091,2924,12.4613288411039,337.35794484031237
DICLOFENAC SODIUM,ORENCIA,21,21,0,1.0,1.2891613924050633,21,0,10091,2924,12.4613288411039,337.35794484031237
DICLOFENAC SODIUM,REMICADE,21,21,0,1.0,1.2891613924050633,21,0,10091,2924,12.4613288411039,337.35794484031237
DICLOFENAC SODIUM,RITUXAN,21,21,0,1.0,1.2891613924050633,21,0,10091,2924,12.4613288411039,337.35794484031237
DICLOFENAC SODIUM,SULFASALAZINE,21,21,0,1.0,1.2891613924050633,21,0,10091,2924,12.4613288411039,337.35794484031237
ENBREL,FOSAMAX,21,21,0,1.0,1.2891613924050633,21,0,10091,2924,12.4613288411039,337.35794484031237
FLUOROURACIL,IRINOTECAN,21,21,0,1.0,1.2891613924050633,21,0,10091,2924,12.4613288411039,337.35794484031237
FOLIC ACID,LEFLUNOMIDE,21,21,0,1.0,1.2891613924050633,21,0,10091,2924,12.4613288411039,337.35794484031237
FOSAMAX,ORENCIA,21,21,0,1.0,1.2891613924050633,21,0,10091,2924,12.4613288411039,337.35794484031237
METHOTREXATE,PANTOPRAZOLE,21,21,0,1.0,1.2891613924050633,21,0,10091,2924,12.4613288411039,337.35794484031237
MYCOPHENOLATE MOFETIL,TACROLIMUS,21,21,0,1.0,1.2891613924050633,21,0,10091,2924,12.4613288411039,337.35794484031237
OMEPRAZOLE,VIMOVO,21,21,0,1.0,1.2891613924050633,21,0,10091,2924,12.4613288411039,337.35794484031237
PANTOPRAZOLE,ZEGERID,21,21,0,1.0,1.2891613924050633,21,0,10091,2924,12.4613288411039,337.35794484031237
PLAQUENIL,SIMPONI,21,21,0,1.0,1.2891613924050633,21,0,10091,2924,12.4613288411039,337.35794484031237
PREDNISONE,SIMPONI,21,21,0,1.0,1.2891613924050633,21,0,10091,2924,12.4613288411039,337.35794484031237
CIMZIA,METHOTREXATE,37,36,1,0.972972972972973,1.254319192610332,36,1,10076,2923,7.059842207115566,327.64593635586505
ADALIMUMAB,INFLIXIMAB,20,20,0,1.0,1.2891613924050633,20,0,10092,2924,11.880554867475848,306.3190531099983
DULOXETINE,METFORMIN,20,20,0,1.0,1.2891613924050633,20,0,10092,2924,11.880554867475848,306.3190531099983
FUROSEMIDE,METFORMIN,20,20,0,1.0,1.2891613924050633,20,0,10092,2924,11.880554867475848,306.3190531099983
FUROSEMIDE,SITAGLIPTIN,20,20,0,1.0,1.2891613924050633,20,0,10092,2924,11.880554867475848,306.3190531099983
INFLIXIMAB,ORENCIA,20,20,0,1.0,1.2891613924050633,20,0,10092,2924,11.880554867475848,306.3190531099983
REMICADE,STELARA,20,20,0,1.0,1.2891613924050633,20,0,10092,2924,11.880554867475848,306.3190531099983
ENBREL,PREDNISONE,45,43,2,0.9555555555555556,1.231865330520394,43,2,10069,2922,5.0500521376433785,279.9442865557477
CIMZIA,HUMIRA,43,41,2,0.9534883720930233,1.229200397409479,41,2,10071,2922,4.816909099935462,254.6007029368182
LISINOPRIL,METFORMIN,42,40,2,0.9523809523809523,1.227772754671489,40,2,10072,2922,4.700372300819062,242.38154000584373
CIMZIA,SULFASALAZINE,31,30,1,0.967741935483871,1.247575541037158,30,1,10082,2923,5.895809571038929,228.01950227866934
ARAVA,PLAQUENIL,48,45,3,0.9375,1.2085888053797469,45,3,10067,2921,3.7724857213806806,218.85043254315025
ACTEMRA,XELJANZ,30,29,1,0.9666666666666667,1.2461893459915612,29,1,10083,2923,5.701938810928745,213.17086193025577
DICLOFENAC SODIUM,HUMIRA,30,29,1,0.9666666666666667,1.2461893459915612,29,1,10083,2923,5.701938810928745,213.17086193025577
DICLOFENAC SODIUM,METHOTREXATE,29,28,1,0.9655172413793104,1.2447075512876475,28,1,10084,2923,5.508106500074372,198.82347086423522
ORENCIA,XELJANZ,37,35,2,0.9459459459459459,1.2194769928156004,35,2,10077,2922,4.118035226990821,185.80842095202055
IBUPROFEN,METFORMIN,28,27,1,0.9642857142857143,1.2431199141048825,27,1,10085,2923,5.314312627038818,184.97717998062768
BUPROPION,GABAPENTIN,36,34,2,0.9444444444444444,1.2175413150492265,34,2,10078,2922,4.001637148385177,175.39770801581008
ACETAMINOPHEN,GABAPENTIN,27,26,1,0.9629629629629629,1.2414146741678387,26,1,10086,2923,5.120557180389629,171.63184023858182
ARAVA,PREDNISONE,27,26,1,0.9629629629629629,1.2414146741678387,26,1,10086,2923,5.120557180389629,171.63184023858182
AMLODIPINE,ATORVASTATIN,26,25,1,0.9615384615384616,1.2395782619279456,25,1,10087,2923,4.926840148698885,158.7873026563456
IBUPROFEN,PARACETAMOL,26,25,1,0.9615384615384616,1.2395782619279456,25,1,10087,2923,4.926840148698885,158.7873026563456
LEFLUNOMIDE,PREDNISONE,26,25,1,0.9615384615384616,1.2395782619279456,25,1,10087,2923,4.926840148698885,158.7873026563456
METHOTREXATE,PREDNISONE,40,37,3,0.925,1.1924742879746837,37,3,10075,2921,3.1067228141815013,148.18748303103166
DICLOFENAC SODIUM,ENBREL,25,24,1,0.96,1.2375949367088608,24,1,10088,2923,4.7331615205431925,146.44341831123668
HYDROXYCHLOROQUINE SULFATE,RITUXIMAB,25,24,1,0.96,1.2375949367088608,24,1,10088,2923,4.7331615205431925,146.44341831123668
CIPROFLOXACIN,METRONIDAZOLE,32,30,2,0.9375,1.2085888053797469,30,2,10082,2922,3.536275725266551,136.76490413738557
GLICLAZIDE,SITAGLIPTIN,24,23,1,0.9583333333333334,1.2354463343881859,23,1,10089,2923,4.539521284503692,134.60003833961366
ENBREL,NAPROXEN,49,44,5,0.8979591836734694,1.1576143115474038,44,5,10068,2919,2.3460703273485715,133.07638475493502
ACETAMINOPHEN,OXYCODONE,23,22,1,0.9565217391304348,1.2331108970831042,22,1,10090,2923,4.345919429166047,123.25701393684623
ENBREL,STELARA,23,22,1,0.9565217391304348,1.2331108970831042,22,1,10090,2923,4.345919429166047,123.25701393684623
FOLIC ACID,HUMIRA,23,22,1,0.9565217391304348,1.2331108970831042,22,1,10090,2923,4.345919429166047,123.25701393684623
FOLIC ACID,ORENCIA,23,22,1,0.9565217391304348,1.2331108970831042,22,1,10090,2923,4.345919429166047,123.25701393684623
HUMIRA,STELARA,23,22,1,0.9565217391304348,1.2331108970831042,22,1,10090,2923,4.345919429166047,123.25701393684623
RITUXAN,XELJANZ,22,21,1,0.9545454545454546,1.2305631472957423,21,1,10091,2923,4.1523559431204475,112.41419635728653
ACETAMINOPHEN,HYDROCODONE,34,31,3,0.9117647058823529,1.1754118577810873,31,3,10081,2921,2.6080940336259486,104.22987821328955
ACTEMRA,NAPROXEN,21,20,1,0.9523809523809523,1.227772754671489,20,1,10092,2923,3.958830814961605,102.0714369142395
GABAPENTIN,IBUPROFEN,27,25,2,0.9259259259259259,1.1936679559306143,25,2,10087,2922,2.955092936802974,95.23979312738226
ACETAMINOPHEN,METFORMIN,20,19,1,0.95,1.22470332278481,19,1,10093,2923,3.7653440332887502,92.22858697993382
DICLOFENAC SODIUM,PREDNISONE,20,19,1,0.95,1.22470332278481,19,1,10093,2923,3.7653440332887502,92.22858697993382
METFORMIN HYDROCHLORIDE,SITAGLIPTIN,25,23,2,0.92,1.1860284810126585,23,2,10089,2922,2.7227811090737895,80.7323985731187
METFORMIN,OMEPRAZOLE,23,21,2,0.9130434782608695,1.1770604017611448,21,2,10091,2922,2.490561363523758,67.42544666068136
GLIPIZIDE,METFORMIN,43,36,7,0.8372093023255814,1.0792979099205182,36,7,10076,2917,1.409070609834764,65.3946994573789
CELEBREX,NAPROXEN,21,19,2,0.9047619047619048,1.1663841169379146,19,2,10093,2922,2.258433645415366,55.31822379658422
COSENTYX,ENBREL,21,19,2,0.9047619047619048,1.1663841169379146,19,2,10093,2922,2.258433645415366,55.31822379658422
COSENTYX,HUMIRA,21,19,2,0.9047619047619048,1.1663841169379146,19,2,10093,2922,2.258433645415366,55.31822379658422
GABAPENTIN,METFORMIN,25,22,3,0.88,1.1344620253164557,22,3,10090,2921,1.8612627152838241,52.788296740672315
HUMIRA,NAPROXEN,32,27,5,0.84375,1.0877299248417722,27,5,10085,2919,1.4473749442268604,50.37929725765591
METHOTREXATE,NAPROXEN,32,27,5,0.84375,1.0877299248417722,27,5,10085,2919,1.4473749442268604,50.37929725765591
EMPAGLIFLOZIN,LISINOPRIL,20,18,2,0.9,1.160245253164557,18,2,10094,2922,2.1424042795581753,49.71428791433611
GABAPENTIN,LISINOPRIL,20,18,2,0.9,1.160245253164557,18,2,10094,2922,2.1424042795581753,49.71428791433611
GABAPENTIN,NAPROXEN,21,18,3,0.8571428571428571,1.10499547920434,18,3,10094,2921,1.529765147923551,35.49805502669753
CIPROFLOXACIN,CLINDAMYCIN,20,17,3,0.85,1.0957871835443038,17,3,10095,2921,1.4469318012976078,31.71058646649184
ACETAMINOPHEN,IBUPROFEN,35,25,10,0.7142857142857143,0.9208295660036168,25,10,10087,2914,0.7016675517790759,22.614067951424136
IBUPROFEN,NAPROXEN,29,19,10,0.6551724137931034,0.8446229812309035,19,10,10093,2914,0.5362503449886419,13.13495158704181
AMPYRA,TECFIDERA,50,11,39,0.22,0.2836155063291139,11,39,10101,2885,0.0831641121101829,1.1793315882270359
